[
  {
    "id": "69cbfd5f-a93c-4642-9b27-9f308c088361",
    "data": [
      {
        "text": "show cities",
        "userDefined": false
      }
    ],
    "isTemplate": false,
    "count": 0,
    "updated": 0
  },
  {
    "id": "88b83361-4d93-406f-924b-b3f0bdcd95cf",
    "data": [
      {
        "text": "show places",
        "userDefined": false
      }
    ],
    "isTemplate": false,
    "count": 0,
    "updated": 0
  },
  {
    "id": "3061f50a-db3a-49f3-aa63-687b2ad5f073",
    "data": [
      {
        "text": "list places",
        "userDefined": false
      }
    ],
    "isTemplate": false,
    "count": 0,
    "updated": 0
  },
  {
    "id": "f300917f-ac56-4391-b48c-dbdfa95c0e58",
    "data": [
      {
        "text": "place",
        "userDefined": false
      }
    ],
    "isTemplate": false,
    "count": 0,
    "updated": 0
  },
  {
    "id": "8618f601-2fc6-4fbb-960e-d1c4b6c65302",
    "data": [
      {
        "text": "places",
        "userDefined": false
      }
    ],
    "isTemplate": false,
    "count": 0,
    "updated": 0
  },
  {
    "id": "4ba87dd8-1a92-4c8f-9a3c-c40b9cdb0725",
    "data": [
      {
        "text": "list",
        "userDefined": false
      }
    ],
    "isTemplate": false,
    "count": 0,
    "updated": 0
  },
  {
    "id": "c7eea5ee-959f-4b96-896b-92bc22f63d21",
    "data": [
      {
        "text": "list cities",
        "userDefined": false
      }
    ],
    "isTemplate": false,
    "count": 0,
    "updated": 0
  },
  {
    "id": "278d7136-a2c8-45a4-b19b-7b36983e0c6a",
    "data": [
      {
        "text": "show me cities",
        "userDefined": false
      }
    ],
    "isTemplate": false,
    "count": 0,
    "updated": 0
  },
  {
    "id": "668934d8-1d1e-4f77-ad81-1fbfdd4e8be6",
    "data": [
      {
        "text": "cities",
        "userDefined": false
      }
    ],
    "isTemplate": false,
    "count": 0,
    "updated": 0
  }
]