[
  {
    "id": "9f6e9673-9d1a-4bdb-9ac6-f035ab49435b",
    "data": [
      {
        "text": "Book",
        "userDefined": false
      }
    ],
    "isTemplate": false,
    "count": 0,
    "updated": 0
  },
  {
    "id": "18562edd-4c03-4962-bdf9-7f5933f664ee",
    "data": [
      {
        "text": "Hotel Book",
        "userDefined": false
      }
    ],
    "isTemplate": false,
    "count": 0,
    "updated": 0
  },
  {
    "id": "9485f4a0-a75a-4456-9a82-652de5211b2f",
    "data": [
      {
        "text": "Book Hotel",
        "userDefined": false
      }
    ],
    "isTemplate": false,
    "count": 0,
    "updated": 0
  },
  {
    "id": "7e1021ad-05d7-4680-8b14-739fae8b6ec0",
    "data": [
      {
        "text": "Please Book Some Hotels",
        "userDefined": false
      }
    ],
    "isTemplate": false,
    "count": 0,
    "updated": 0
  },
  {
    "id": "c5621e50-c349-440b-bfbc-501425d9d774",
    "data": [
      {
        "text": "Any Hotels",
        "userDefined": false
      }
    ],
    "isTemplate": false,
    "count": 0,
    "updated": 0
  },
  {
    "id": "cc3c415d-6932-472e-85cb-6a49d5fc7014",
    "data": [
      {
        "text": "Hotels",
        "userDefined": false
      }
    ],
    "isTemplate": false,
    "count": 0,
    "updated": 0
  },
  {
    "id": "57c62d0b-df97-4d0b-9edf-8a96ed671c7c",
    "data": [
      {
        "text": "Show me hotels",
        "userDefined": false
      }
    ],
    "isTemplate": false,
    "count": 0,
    "updated": 0
  }
]