[
  {
    "id": "4166867b-6144-4c90-a61f-757d67ce146f",
    "data": [
      {
        "text": "show Image",
        "userDefined": false
      }
    ],
    "isTemplate": false,
    "count": 0,
    "updated": 0
  },
  {
    "id": "3792664f-c56d-429b-bc5c-97de56133cae",
    "data": [
      {
        "text": "images",
        "userDefined": false
      }
    ],
    "isTemplate": false,
    "count": 0,
    "updated": 0
  },
  {
    "id": "93087968-e4f8-47d3-b4bd-a9e3a6a39a48",
    "data": [
      {
        "text": "image",
        "userDefined": false
      }
    ],
    "isTemplate": false,
    "count": 0,
    "updated": 0
  }
]