[
  {
    "id": "a9be1b55-d070-4f71-ba79-92af9b0a5cbc",
    "data": [
      {
        "text": "have fun",
        "userDefined": false
      }
    ],
    "isTemplate": false,
    "count": 0,
    "updated": 0
  },
  {
    "id": "ef620f81-a977-42e9-8b53-f244e4c6b8b2",
    "data": [
      {
        "text": "fun",
        "userDefined": false
      }
    ],
    "isTemplate": false,
    "count": 0,
    "updated": 0
  },
  {
    "id": "6284d615-a0c5-4519-82f2-af6719f3d5bb",
    "data": [
      {
        "text": "pass",
        "userDefined": false
      }
    ],
    "isTemplate": false,
    "count": 0,
    "updated": 0
  },
  {
    "id": "9344c1f6-780c-41db-9ec4-229acafe5e32",
    "data": [
      {
        "text": "time",
        "userDefined": false
      }
    ],
    "isTemplate": false,
    "count": 0,
    "updated": 0
  },
  {
    "id": "56cf7ff5-91fe-4353-ac4e-9acb2e5a147c",
    "data": [
      {
        "text": "time pass",
        "userDefined": false
      }
    ],
    "isTemplate": false,
    "count": 0,
    "updated": 0
  }
]