[
  {
    "id": "a31d42d6-bc9d-4883-8ff0-3c2657cbd5aa",
    "data": [
      {
        "text": "what will you suggest me",
        "userDefined": false
      }
    ],
    "isTemplate": false,
    "count": 0,
    "updated": 0
  },
  {
    "id": "988bc3e8-7e94-4b2d-b409-83ccb956565f",
    "data": [
      {
        "text": "Show me some suggestions",
        "userDefined": false
      }
    ],
    "isTemplate": false,
    "count": 0,
    "updated": 0
  },
  {
    "id": "c7d115c6-aebf-4812-81c7-7b19a13e044c",
    "data": [
      {
        "text": "Suggestions",
        "userDefined": false
      }
    ],
    "isTemplate": false,
    "count": 0,
    "updated": 0
  },
  {
    "id": "3d0c7aa8-91c4-4b5d-91e4-d6a1051a5d96",
    "data": [
      {
        "text": "Suggest",
        "userDefined": false
      }
    ],
    "isTemplate": false,
    "count": 0,
    "updated": 0
  }
]